File Name,bog_pine.000
Loading Time,2017-09-22 10:46:38
Integration Time,17.0
Offset_SWIR2,2048
Offset_SWIR1,2048
Altitude,1266.1
FOV,25
Spectrum Number,0
File Comments,
Acquisition Time,2005-07-01 11:23:05
Latitude,-39.32342666666667
Gain_SWIR1,500
Longitude,-175.49977499999997
Number of internal Scans,10
Gain_SWIR2,500
350.0,0.007992908358573914
351.0,0.010054831393063068
352.0,0.008992992341518402
353.0,0.0076303076930344105
354.0,0.008433590643107891
355.0,0.009266932494938374
356.0,0.009477517567574978
357.0,0.008830022066831589
358.0,0.009654037654399872
359.0,0.00958048366010189
360.0,0.008915906772017479
361.0,0.008826479315757751
362.0,0.008662695996463299
363.0,0.008464731276035309
364.0,0.008251051418483257
365.0,0.008082120679318905
366.0,0.007951402105391026
367.0,0.007858546450734138
368.0,0.008504587225615978
369.0,0.00882510282099247
370.0,0.008907930925488472
371.0,0.009013993665575981
372.0,0.008567603304982185
373.0,0.007853513583540916
374.0,0.007055457681417465
375.0,0.007972711697220802
376.0,0.008578627370297909
377.0,0.008426966145634651
378.0,0.007061926648020744
379.0,0.006858150474727154
380.0,0.007612613961100578
381.0,0.008934909477829933
382.0,0.008386453613638878
383.0,0.007422931957989931
384.0,0.007356109097599983
385.0,0.007682354189455509
386.0,0.007980495691299438
387.0,0.008154950104653835
388.0,0.0077510918490588665
389.0,0.007758287712931633
390.0,0.007909771054983139
391.0,0.007240766659379005
392.0,0.008295902982354164
393.0,0.00928643997758627
394.0,0.008519421331584454
395.0,0.008680474013090134
396.0,0.008836296387016773
397.0,0.008808543905615807
398.0,0.00859743170440197
399.0,0.008247453719377518
400.0,0.007876809686422348
401.0,0.007852577604353428
402.0,0.00821968074887991
403.0,0.008490213192999363
404.0,0.00819997489452362
405.0,0.008156025782227516
406.0,0.00824791006743908
407.0,0.00846258644014597
408.0,0.008047937415540218
409.0,0.007840713486075401
410.0,0.007765903137624264
411.0,0.007529035210609436
412.0,0.00792868621647358
413.0,0.008344990201294422
414.0,0.008157376199960709
415.0,0.008006978780031204
416.0,0.007953034713864326
417.0,0.008017688989639282
418.0,0.007770982570946217
419.0,0.007890010252594948
420.0,0.008231534622609615
421.0,0.008176833391189575
422.0,0.008128095418214798
423.0,0.008171720430254936
424.0,0.008456804789602757
425.0,0.008415179327130318
426.0,0.008341982960700989
427.0,0.008313320577144623
428.0,0.008584930561482906
429.0,0.008566227741539478
430.0,0.008359478786587715
431.0,0.008500798605382442
432.0,0.008452306501567364
433.0,0.008382787927985191
434.0,0.00846544187515974
435.0,0.008542750962078571
436.0,0.008722006343305111
437.0,0.009047077968716621
438.0,0.008985079824924469
439.0,0.008913544937968254
440.0,0.00889178179204464
441.0,0.009240441955626011
442.0,0.00926191359758377
443.0,0.009292484261095524
444.0,0.009709937497973442
445.0,0.009704707190394402
446.0,0.009682909585535526
447.0,0.009749290533363819
448.0,0.01017830241471529
449.0,0.010256483219563961
450.0,0.010082895867526531
451.0,0.01016276702284813
452.0,0.010369302704930305
453.0,0.010606150142848492
454.0,0.01076631061732769
455.0,0.011144300922751427
456.0,0.011279180645942688
457.0,0.011002589017152786
458.0,0.01130713801831007
459.0,0.011492489837110043
460.0,0.011604922823607922
461.0,0.011955147609114647
462.0,0.012129180133342743
463.0,0.012227728962898254
464.0,0.0123361237347126
465.0,0.012264616787433624
466.0,0.012313015758991241
467.0,0.012597817927598953
468.0,0.012952924706041813
469.0,0.013140315189957619
470.0,0.013214899227023125
471.0,0.013472575694322586
472.0,0.013713165186345577
473.0,0.013845185749232769
474.0,0.013697645626962185
475.0,0.014141818508505821
476.0,0.014419328421354294
477.0,0.014280356466770172
478.0,0.014675644226372242
479.0,0.014889114536345005
480.0,0.014943000860512257
481.0,0.01502909604460001
482.0,0.015279031358659267
483.0,0.015489565208554268
484.0,0.015376863069832325
485.0,0.015481164678931236
486.0,0.015598670579493046
487.0,0.015666315332055092
488.0,0.016058344393968582
489.0,0.01628175377845764
490.0,0.01634252443909645
491.0,0.016298390924930573
492.0,0.016482660546898842
493.0,0.01674317754805088
494.0,0.016930140554904938
495.0,0.017423469573259354
496.0,0.017717871814966202
497.0,0.017637107521295547
498.0,0.018125174567103386
499.0,0.018450647592544556
500.0,0.01862432062625885
501.0,0.018791120499372482
502.0,0.019398480653762817
503.0,0.020106352865695953
504.0,0.02051430568099022
505.0,0.021029414609074593
506.0,0.02149614877998829
507.0,0.021863317117094994
508.0,0.02243976853787899
509.0,0.023136954754590988
510.0,0.023910408839583397
511.0,0.024522151798009872
512.0,0.025311868637800217
513.0,0.02612294629216194
514.0,0.026754120364785194
515.0,0.027603769674897194
516.0,0.0284326933324337
517.0,0.029146933928132057
518.0,0.03020695596933365
519.0,0.03133580833673477
520.0,0.03246550261974335
521.0,0.03341597691178322
522.0,0.0343686006963253
523.0,0.03538122773170471
524.0,0.036587171256542206
525.0,0.03755008801817894
526.0,0.03855651989579201
527.0,0.03971834480762482
528.0,0.04085230454802513
529.0,0.04194561392068863
530.0,0.0430181622505188
531.0,0.04431845620274544
532.0,0.04542580991983414
533.0,0.046523317694664
534.0,0.047836918383836746
535.0,0.0488620400428772
536.0,0.04991893842816353
537.0,0.051128096878528595
538.0,0.052225541323423386
539.0,0.05346022546291351
540.0,0.054808247834444046
541.0,0.056000128388404846
542.0,0.057236090302467346
543.0,0.05849393829703331
544.0,0.05976824462413788
545.0,0.06088889390230179
546.0,0.06207946687936783
547.0,0.06344088166952133
548.0,0.06455184519290924
549.0,0.0657220333814621
550.0,0.06692488491535187
551.0,0.06788396090269089
552.0,0.06872398406267166
553.0,0.06952130049467087
554.0,0.0703662633895874
555.0,0.07095742970705032
556.0,0.07150772213935852
557.0,0.07209043949842453
558.0,0.0726160854101181
559.0,0.07303772121667862
560.0,0.07336936146020889
561.0,0.07373754680156708
562.0,0.0738702341914177
563.0,0.07389909029006958
564.0,0.07396829128265381
565.0,0.0738799050450325
566.0,0.0737123191356659
567.0,0.07347586005926132
568.0,0.07340430468320847
569.0,0.07303082197904587
570.0,0.0723801776766777
571.0,0.07190698385238647
572.0,0.07150280475616455
573.0,0.07108103483915329
574.0,0.07048960030078888
575.0,0.06985505670309067
576.0,0.0692981481552124
577.0,0.0688919648528099
578.0,0.0685943141579628
579.0,0.06820697337388992
580.0,0.06776857376098633
581.0,0.06765767186880112
582.0,0.06730769574642181
583.0,0.06687133759260178
584.0,0.0665397122502327
585.0,0.0663359984755516
586.0,0.06613913178443909
587.0,0.06590303778648376
588.0,0.06575535237789154
589.0,0.06553329527378082
590.0,0.06528913974761963
591.0,0.06560060381889343
592.0,0.06543223559856415
593.0,0.06510685384273529
594.0,0.06509952992200851
595.0,0.06496158242225647
596.0,0.06486371904611588
597.0,0.06489630788564682
598.0,0.06470494717359543
599.0,0.06446702778339386
600.0,0.06421937048435211
601.0,0.06421021372079849
602.0,0.06393495202064514
603.0,0.06352909654378891
604.0,0.06315280497074127
605.0,0.06284107267856598
606.0,0.06254161894321442
607.0,0.062234897166490555
608.0,0.06163828819990158
609.0,0.06108522787690163
610.0,0.06057726591825485
611.0,0.05989990010857582
612.0,0.05941575765609741
613.0,0.05891473963856697
614.0,0.0580180324614048
615.0,0.057336900383234024
616.0,0.05689779669046402
617.0,0.05678749829530716
618.0,0.05615482106804848
619.0,0.05552412569522858
620.0,0.05495772510766983
621.0,0.05471755936741829
622.0,0.05436820164322853
623.0,0.0540652722120285
624.0,0.05411398038268089
625.0,0.0540480837225914
626.0,0.0539625845849514
627.0,0.053891945630311966
628.0,0.05385354906320572
629.0,0.05393717810511589
630.0,0.05410720407962799
631.0,0.053974322974681854
632.0,0.05412213131785393
633.0,0.054299674928188324
634.0,0.05407740920782089
635.0,0.054006773978471756
636.0,0.05393035709857941
637.0,0.053778279572725296
638.0,0.05333586409687996
639.0,0.05294276401400566
640.0,0.052598804235458374
641.0,0.052102234214544296
642.0,0.05145698040723801
643.0,0.05079720914363861
644.0,0.050356119871139526
645.0,0.04977181553840637
646.0,0.04913482442498207
647.0,0.04847198724746704
648.0,0.04785625636577606
649.0,0.047273192554712296
650.0,0.04674316942691803
651.0,0.046460822224617004
652.0,0.046085137873888016
653.0,0.04567021504044533
654.0,0.04529184848070145
655.0,0.04463410750031471
656.0,0.04392608627676964
657.0,0.04330801963806152
658.0,0.042370788753032684
659.0,0.0413336455821991
660.0,0.04020305722951889
661.0,0.03898803889751434
662.0,0.037909846752882004
663.0,0.036904752254486084
664.0,0.03590919449925423
665.0,0.03477443382143974
666.0,0.03376762568950653
667.0,0.03304820880293846
668.0,0.03233640268445015
669.0,0.03167013078927994
670.0,0.031069478020071983
671.0,0.030776986852288246
672.0,0.030282335355877876
673.0,0.029796557500958443
674.0,0.02976255677640438
675.0,0.029350418597459793
676.0,0.029016267508268356
677.0,0.02899559587240219
678.0,0.028767524287104607
679.0,0.02869587019085884
680.0,0.02881421335041523
681.0,0.02918729931116104
682.0,0.029592514038085938
683.0,0.030166050419211388
684.0,0.03132151812314987
685.0,0.03253323584794998
686.0,0.03398844972252846
687.0,0.03582033887505531
688.0,0.038947928696870804
689.0,0.042054202407598495
690.0,0.044977184385061264
691.0,0.04867061972618103
692.0,0.05274444445967674
693.0,0.05713770538568497
694.0,0.06197262182831764
695.0,0.06739707291126251
696.0,0.07308514416217804
697.0,0.07904668152332306
698.0,0.08541925996541977
699.0,0.09200645238161087
700.0,0.09882376343011856
701.0,0.10608672350645065
702.0,0.11339302361011505
703.0,0.12063712626695633
704.0,0.127769336104393
705.0,0.13509921729564667
706.0,0.14244920015335083
707.0,0.1497405618429184
708.0,0.15751424431800842
709.0,0.1651555895805359
710.0,0.1726439893245697
711.0,0.18056629598140717
712.0,0.18849368393421173
713.0,0.1964118480682373
714.0,0.2042616903781891
715.0,0.21214266121387482
716.0,0.22023336589336395
717.0,0.22863227128982544
718.0,0.23750686645507812
719.0,0.2469462752342224
720.0,0.2562522292137146
721.0,0.2648106515407562
722.0,0.2729962468147278
723.0,0.2813664674758911
724.0,0.2901587188243866
725.0,0.29898083209991455
726.0,0.30750876665115356
727.0,0.31562134623527527
728.0,0.32387930154800415
729.0,0.3318904638290405
730.0,0.33953791856765747
731.0,0.3471815884113312
732.0,0.3543355166912079
733.0,0.3610611855983734
734.0,0.3674468696117401
735.0,0.37355101108551025
736.0,0.3794666826725006
737.0,0.3851245641708374
738.0,0.39030012488365173
739.0,0.3952731490135193
740.0,0.40002942085266113
741.0,0.40434175729751587
742.0,0.40845754742622375
743.0,0.41235849261283875
744.0,0.41596338152885437
745.0,0.4193803071975708
746.0,0.42256584763526917
747.0,0.4254204034805298
748.0,0.42802512645721436
749.0,0.4305969178676605
750.0,0.4331219792366028
751.0,0.4350508153438568
752.0,0.43706178665161133
753.0,0.43904364109039307
754.0,0.44072580337524414
755.0,0.4423206150531769
756.0,0.44388288259506226
757.0,0.44547584652900696
758.0,0.44582849740982056
759.0,0.44624075293540955
760.0,0.447369247674942
761.0,0.4499918818473816
762.0,0.4510704278945923
763.0,0.45158037543296814
764.0,0.4529658555984497
765.0,0.45397424697875977
766.0,0.45487481355667114
767.0,0.45591700077056885
768.0,0.4568469226360321
769.0,0.45777428150177
770.0,0.45872485637664795
771.0,0.4593912959098816
772.0,0.4601374864578247
773.0,0.4609270691871643
774.0,0.4616847336292267
775.0,0.46238934993743896
776.0,0.46309155225753784
777.0,0.4638305604457855
778.0,0.4644429087638855
779.0,0.46511879563331604
780.0,0.46587109565734863
781.0,0.466468870639801
782.0,0.46706444025039673
783.0,0.467659592628479
784.0,0.4682368040084839
785.0,0.4690074324607849
786.0,0.46973228454589844
787.0,0.4702335000038147
788.0,0.47088533639907837
789.0,0.47139886021614075
790.0,0.4717496633529663
791.0,0.47257715463638306
792.0,0.47321557998657227
793.0,0.47378262877464294
794.0,0.47454312443733215
795.0,0.4750726819038391
796.0,0.47560763359069824
797.0,0.47630345821380615
798.0,0.4769286513328552
799.0,0.4775013029575348
800.0,0.47801920771598816
801.0,0.47844812273979187
802.0,0.4789959788322449
803.0,0.47963669896125793
804.0,0.480331689119339
805.0,0.48106884956359863
806.0,0.4818318486213684
807.0,0.4826318323612213
808.0,0.48294633626937866
809.0,0.48338767886161804
810.0,0.48402664065361023
811.0,0.4844222664833069
812.0,0.48477622866630554
813.0,0.485158234834671
814.0,0.48576632142066956
815.0,0.48615407943725586
816.0,0.4864475131034851
817.0,0.48669034242630005
818.0,0.48747509717941284
819.0,0.4882489740848541
820.0,0.48893728852272034
821.0,0.490041047334671
822.0,0.49031567573547363
823.0,0.4902218282222748
824.0,0.49098825454711914
825.0,0.49190753698349
826.0,0.4925922751426697
827.0,0.4926673173904419
828.0,0.4931144714355469
829.0,0.49354714155197144
830.0,0.4939059019088745
831.0,0.49458232522010803
832.0,0.494987815618515
833.0,0.4952792525291443
834.0,0.49583908915519714
835.0,0.49638769030570984
836.0,0.4967806339263916
837.0,0.4968564510345459
838.0,0.4976327419281006
839.0,0.4984248876571655
840.0,0.49912989139556885
841.0,0.49984100461006165
842.0,0.500184178352356
843.0,0.5002779960632324
844.0,0.5003734230995178
845.0,0.5010266900062561
846.0,0.5017260313034058
847.0,0.502122700214386
848.0,0.5028152465820312
849.0,0.5032591819763184
850.0,0.5033553838729858
851.0,0.5038655400276184
852.0,0.5045821666717529
853.0,0.5052148103713989
854.0,0.5045408606529236
855.0,0.5048364996910095
856.0,0.5054289102554321
857.0,0.5059371590614319
858.0,0.5065828561782837
859.0,0.5070745348930359
860.0,0.5073548555374146
861.0,0.5074183940887451
862.0,0.5077306032180786
863.0,0.5081971287727356
864.0,0.5086016058921814
865.0,0.508985698223114
866.0,0.5091812014579773
867.0,0.5089254379272461
868.0,0.5090740919113159
869.0,0.5095434784889221
870.0,0.5103164315223694
871.0,0.5103802680969238
872.0,0.5109104514122009
873.0,0.5116227269172668
874.0,0.5116398334503174
875.0,0.5115503072738647
876.0,0.5116038918495178
877.0,0.5120683312416077
878.0,0.5127924084663391
879.0,0.513358473777771
880.0,0.5136731863021851
881.0,0.5135531425476074
882.0,0.5137904286384583
883.0,0.5143088102340698
884.0,0.5149669051170349
885.0,0.5150904655456543
886.0,0.5150613784790039
887.0,0.5151199102401733
888.0,0.5149829983711243
889.0,0.5150705575942993
890.0,0.5154683589935303
891.0,0.5156947374343872
892.0,0.5158024430274963
893.0,0.5158451795578003
894.0,0.5159986019134521
895.0,0.5164936780929565
896.0,0.5166988968849182
897.0,0.5158580541610718
898.0,0.5157163739204407
899.0,0.515653133392334
900.0,0.5155504941940308
901.0,0.5149122476577759
902.0,0.5143884420394897
903.0,0.5141695141792297
904.0,0.5150254964828491
905.0,0.5158507227897644
906.0,0.516461968421936
907.0,0.5165751576423645
908.0,0.5157058238983154
909.0,0.5149747729301453
910.0,0.5146625638008118
911.0,0.5147916674613953
912.0,0.5148036479949951
913.0,0.5148821473121643
914.0,0.5157612562179565
915.0,0.5155115723609924
916.0,0.5147829055786133
917.0,0.5139510631561279
918.0,0.5137966871261597
919.0,0.5137335658073425
920.0,0.5136717557907104
921.0,0.5150934457778931
922.0,0.515344500541687
923.0,0.5147905945777893
924.0,0.5143173933029175
925.0,0.5138081312179565
926.0,0.5135374665260315
927.0,0.5138833522796631
928.0,0.5142203569412231
929.0,0.514126718044281
930.0,0.5134032964706421
931.0,0.5141320824623108
932.0,0.5137685537338257
933.0,0.5122017860412598
934.0,0.5098304748535156
935.0,0.5066127181053162
936.0,0.5039631724357605
937.0,0.5040530562400818
938.0,0.5024805665016174
939.0,0.500804603099823
940.0,0.4993098974227905
941.0,0.5017592310905457
942.0,0.502470076084137
943.0,0.5017096996307373
944.0,0.4992745518684387
945.0,0.4970479905605316
946.0,0.49497607350349426
947.0,0.49323344230651855
948.0,0.4915422797203064
949.0,0.48940524458885193
950.0,0.48672324419021606
951.0,0.4851031005382538
952.0,0.4825283885002136
953.0,0.47964581847190857
954.0,0.47893980145454407
955.0,0.476702481508255
956.0,0.4737040102481842
957.0,0.47031670808792114
958.0,0.4693346917629242
959.0,0.46710437536239624
960.0,0.46275487542152405
961.0,0.4624917507171631
962.0,0.46120962500572205
963.0,0.4591398239135742
964.0,0.45674920082092285
965.0,0.4559376835823059
966.0,0.455284982919693
967.0,0.45355334877967834
968.0,0.45170506834983826
969.0,0.45092353224754333
970.0,0.45151954889297485
971.0,0.4522670805454254
972.0,0.4513292908668518
973.0,0.449399471282959
974.0,0.4492364227771759
975.0,0.44775107502937317
976.0,0.4460996091365814
977.0,0.4454113841056824
978.0,0.4445834755897522
979.0,0.44473159313201904
980.0,0.44625407457351685
981.0,0.44537353515625
982.0,0.44448283314704895
983.0,0.4436720907688141
984.0,0.44340983033180237
985.0,0.44295570254325867
986.0,0.44297221302986145
987.0,0.4444284737110138
988.0,0.4450957477092743
989.0,0.44564515352249146
990.0,0.446208119392395
991.0,0.44526299834251404
992.0,0.44509217143058777
993.0,0.4453526735305786
994.0,0.4444897770881653
995.0,0.4444429576396942
996.0,0.4453405439853668
997.0,0.4478265047073364
998.0,0.44787338376045227
999.0,0.4484146535396576
1000.0,0.4503171145915985
1001.0,0.47556909918785095
1002.0,0.4762805998325348
1003.0,0.47662749886512756
1004.0,0.47795748710632324
1005.0,0.48040854930877686
1006.0,0.4822392463684082
1007.0,0.4815397262573242
1008.0,0.48067137598991394
1009.0,0.48361021280288696
1010.0,0.4871632158756256
1011.0,0.487663596868515
1012.0,0.48707136511802673
1013.0,0.4873605966567993
1014.0,0.4879428446292877
1015.0,0.48934173583984375
1016.0,0.4919871389865875
1017.0,0.4944194555282593
1018.0,0.49587053060531616
1019.0,0.49730753898620605
1020.0,0.4997040331363678
1021.0,0.5021728277206421
1022.0,0.5032766461372375
1023.0,0.5043683052062988
1024.0,0.5050057768821716
1025.0,0.5049731135368347
1026.0,0.5068058967590332
1027.0,0.509126603603363
1028.0,0.5105128884315491
1029.0,0.5127795338630676
1030.0,0.514916718006134
1031.0,0.5149245858192444
1032.0,0.5149770975112915
1033.0,0.5170807838439941
1034.0,0.5192400217056274
1035.0,0.5195015668869019
1036.0,0.5195284485816956
1037.0,0.5216071009635925
1038.0,0.5246008634567261
1039.0,0.5274202227592468
1040.0,0.5287008285522461
1041.0,0.5289942026138306
1042.0,0.5296559929847717
1043.0,0.5311872363090515
1044.0,0.5332802534103394
1045.0,0.534816324710846
1046.0,0.5355235934257507
1047.0,0.5364069938659668
1048.0,0.5382343530654907
1049.0,0.5404345393180847
1050.0,0.5432220697402954
1051.0,0.5455428957939148
1052.0,0.5447508692741394
1053.0,0.5438739657402039
1054.0,0.5460038781166077
1055.0,0.5481640100479126
1056.0,0.5485162138938904
1057.0,0.5482651591300964
1058.0,0.549457311630249
1059.0,0.551181972026825
1060.0,0.5514416694641113
1061.0,0.5515325665473938
1062.0,0.5524508357048035
1063.0,0.5537957549095154
1064.0,0.5549731254577637
1065.0,0.5558313727378845
1066.0,0.5565136671066284
1067.0,0.55510413646698
1068.0,0.5534676909446716
1069.0,0.5559175610542297
1070.0,0.558923065662384
1071.0,0.5600263476371765
1072.0,0.5606129169464111
1073.0,0.5612249374389648
1074.0,0.5619739294052124
1075.0,0.5619937777519226
1076.0,0.5607389807701111
1077.0,0.5602532029151917
1078.0,0.5614577531814575
1079.0,0.5624420046806335
1080.0,0.5622048377990723
1081.0,0.5621224045753479
1082.0,0.5638612508773804
1083.0,0.5654920935630798
1084.0,0.5629616379737854
1085.0,0.5601867437362671
1086.0,0.5602034330368042
1087.0,0.5608833432197571
1088.0,0.5604471564292908
1089.0,0.5594230890274048
1090.0,0.5587165355682373
1091.0,0.5581012964248657
1092.0,0.557189404964447
1093.0,0.5561794638633728
1094.0,0.555168628692627
1095.0,0.5539541244506836
1096.0,0.5531874299049377
1097.0,0.5540317296981812
1098.0,0.5547598600387573
1099.0,0.5547616481781006
1100.0,0.5547634363174438
1101.0,0.5537647604942322
1102.0,0.5526467561721802
1103.0,0.5505366325378418
1104.0,0.5483366847038269
1105.0,0.5459773540496826
1106.0,0.5434287786483765
1107.0,0.5431039929389954
1108.0,0.5443806648254395
1109.0,0.5450324416160583
1110.0,0.5449481010437012
1111.0,0.5442482233047485
1112.0,0.5423780679702759
1113.0,0.540476381778717
1114.0,0.5389189124107361
1115.0,0.5370795726776123
1116.0,0.533270001411438
1117.0,0.5290848612785339
1118.0,0.5293673872947693
1119.0,0.5298122763633728
1120.0,0.5280210971832275
1121.0,0.5257266759872437
1122.0,0.5222628712654114
1123.0,0.5183714628219604
1124.0,0.5150050520896912
1125.0,0.511806845664978
1126.0,0.5077015161514282
1127.0,0.5028818845748901
1128.0,0.4995373785495758
1129.0,0.49848970770835876
1130.0,0.4955008327960968
1131.0,0.48801979422569275
1132.0,0.4814770817756653
1133.0,0.47737282514572144
1134.0,0.4735115170478821
1135.0,0.46960318088531494
1136.0,0.4658674895763397
1137.0,0.4619872570037842
1138.0,0.45849376916885376
1139.0,0.45475801825523376
1140.0,0.4503324031829834
1141.0,0.4447110593318939
1142.0,0.43924814462661743
1143.0,0.43498027324676514
1144.0,0.43186333775520325
1145.0,0.4269028902053833
1146.0,0.41937577724456787
1147.0,0.4131808876991272
1148.0,0.4093392789363861
1149.0,0.40497416257858276
1150.0,0.39971500635147095
1151.0,0.39496874809265137
1152.0,0.38935738801956177
1153.0,0.38458243012428284
1154.0,0.3837345540523529
1155.0,0.38300660252571106
1156.0,0.3793507218360901
1157.0,0.3757580518722534
1158.0,0.37263742089271545
1159.0,0.3698517978191376
1160.0,0.3675103187561035
1161.0,0.36582860350608826
1162.0,0.36521875858306885
1163.0,0.364322692155838
1164.0,0.3618704080581665
1165.0,0.3586156666278839
1166.0,0.3564545810222626
1167.0,0.35578444600105286
1168.0,0.35487374663352966
1169.0,0.35348764061927795
1170.0,0.3522346019744873
1171.0,0.3508497476577759
1172.0,0.34955495595932007
1173.0,0.3484944701194763
1174.0,0.3474230170249939
1175.0,0.34594470262527466
1176.0,0.34445783495903015
1177.0,0.3435596525669098
1178.0,0.3428466320037842
1179.0,0.34161949157714844
1180.0,0.34023454785346985
1181.0,0.3390815556049347
1182.0,0.3378736078739166
1183.0,0.3361925482749939
1184.0,0.3343590795993805
1185.0,0.333108514547348
1186.0,0.33275118470191956
1187.0,0.3320881724357605
1188.0,0.3304758369922638
1189.0,0.32907822728157043
1190.0,0.3281799852848053
1191.0,0.32738131284713745
1192.0,0.3270301818847656
1193.0,0.3266003429889679
1194.0,0.3252179026603699
1195.0,0.3237907290458679
1196.0,0.3233831524848938
1197.0,0.3231838047504425
1198.0,0.32264089584350586
1199.0,0.3221999704837799
1200.0,0.322064608335495
1201.0,0.32197844982147217
1202.0,0.32189658284187317
1203.0,0.32146838307380676
1204.0,0.3209790885448456
1205.0,0.32088130712509155
1206.0,0.3209362030029297
1207.0,0.321201354265213
1208.0,0.3216857314109802
1209.0,0.32231876254081726
1210.0,0.32294410467147827
1211.0,0.32364988327026367
1212.0,0.32422441244125366
1213.0,0.3249882757663727
1214.0,0.3259561061859131
1215.0,0.3268643915653229
1216.0,0.32758310437202454
1217.0,0.328383207321167
1218.0,0.32928043603897095
1219.0,0.3307358920574188
1220.0,0.33223921060562134
1221.0,0.3335613012313843
1222.0,0.33503320813179016
1223.0,0.33632978796958923
1224.0,0.33756309747695923
1225.0,0.33907216787338257
1226.0,0.3406260311603546
1227.0,0.3418668210506439
1228.0,0.3428381085395813
1229.0,0.3439493775367737
1230.0,0.34541255235671997
1231.0,0.34680840373039246
1232.0,0.3476857542991638
1233.0,0.34856241941452026
1234.0,0.34971651434898376
1235.0,0.35084259510040283
1236.0,0.3518086373806
1237.0,0.35279253125190735
1238.0,0.3537886440753937
1239.0,0.35476383566856384
1240.0,0.35576993227005005
1241.0,0.3567163944244385
1242.0,0.3574928045272827
1243.0,0.35836586356163025
1244.0,0.35914167761802673
1245.0,0.35957667231559753
1246.0,0.36000433564186096
1247.0,0.3606985807418823
1248.0,0.36174750328063965
1249.0,0.3632037341594696
1250.0,0.36415770649909973
1251.0,0.3641251027584076
1252.0,0.36426955461502075
1253.0,0.36481502652168274
1254.0,0.36539289355278015
1255.0,0.3661661148071289
1256.0,0.3670019507408142
1257.0,0.36767885088920593
1258.0,0.36820313334465027
1259.0,0.36874499917030334
1260.0,0.3695153295993805
1261.0,0.3701886534690857
1262.0,0.3704504370689392
1263.0,0.37044790387153625
1264.0,0.3709142506122589
1265.0,0.3717682659626007
1266.0,0.372094064950943
1267.0,0.3722754716873169
1268.0,0.37286877632141113
1269.0,0.3730486333370209
1270.0,0.3730643391609192
1271.0,0.37334632873535156
1272.0,0.3733848035335541
1273.0,0.37351664900779724
1274.0,0.3737993538379669
1275.0,0.37397879362106323
1276.0,0.3739285171031952
1277.0,0.37395358085632324
1278.0,0.374445378780365
1279.0,0.3747812807559967
1280.0,0.37474727630615234
1281.0,0.37476059794425964
1282.0,0.3746200501918793
1283.0,0.37418773770332336
1284.0,0.37356603145599365
1285.0,0.37326934933662415
1286.0,0.3734368085861206
1287.0,0.37332168221473694
1288.0,0.37256547808647156
1289.0,0.3718162178993225
1290.0,0.37161678075790405
1291.0,0.3715611696243286
1292.0,0.370901882648468
1293.0,0.36998820304870605
1294.0,0.36883094906806946
1295.0,0.3675198554992676
1296.0,0.3667396306991577
1297.0,0.36613574624061584
1298.0,0.36497440934181213
1299.0,0.36337482929229736
1300.0,0.3619266748428345
1301.0,0.3609548807144165
1302.0,0.35991770029067993
1303.0,0.358073353767395
1304.0,0.35614219307899475
1305.0,0.35475850105285645
1306.0,0.3534304201602936
1307.0,0.35161909461021423
1308.0,0.34947434067726135
1309.0,0.3471989333629608
1310.0,0.34517011046409607
1311.0,0.34323081374168396
1312.0,0.3409914970397949
1313.0,0.339061439037323
1314.0,0.3375028967857361
1315.0,0.33521848917007446
1316.0,0.3322705328464508
1317.0,0.32975324988365173
1318.0,0.3278438150882721
1319.0,0.32526615262031555
1320.0,0.32227087020874023
1321.0,0.31967538595199585
1322.0,0.3170992434024811
1323.0,0.3145836293697357
1324.0,0.31202197074890137
1325.0,0.3091735541820526
1326.0,0.30678868293762207
1327.0,0.304765909910202
1328.0,0.3022671341896057
1329.0,0.299449622631073
1330.0,0.2970987558364868
1331.0,0.2948307693004608
1332.0,0.2922857105731964
1333.0,0.28946736454963684
1334.0,0.2863710820674896
1335.0,0.28331050276756287
1336.0,0.28065574169158936
1337.0,0.27829551696777344
1338.0,0.2765098512172699
1339.0,0.2745005786418915
1340.0,0.2715458571910858
1341.0,0.2685673236846924
1342.0,0.26715052127838135
1343.0,0.2661604583263397
1344.0,0.26540371775627136
1345.0,0.26463398337364197
1346.0,0.26310405135154724
1347.0,0.2609281539916992
1348.0,0.2587652802467346
1349.0,0.25733718276023865
1350.0,0.2559465765953064
1351.0,0.2532109022140503
1352.0,0.24995781481266022
1353.0,0.24919453263282776
1354.0,0.2513345181941986
1355.0,0.25212588906288147
1356.0,0.2516153156757355
1357.0,0.24915477633476257
1358.0,0.23706546425819397
1359.0,0.21290433406829834
1360.0,0.19282907247543335
1361.0,0.21569767594337463
1362.0,0.26678651571273804
1363.0,0.2978953421115875
1364.0,0.27607274055480957
1365.0,0.20088765025138855
1366.0,0.1827588677406311
1367.0,0.18732436001300812
1368.0,0.12243619561195374
1369.0,0.08743755519390106
1370.0,0.12676182389259338
1371.0,0.1796005368232727
1372.0,0.18733687698841095
1373.0,0.2006254494190216
1374.0,0.22464707493782043
1375.0,0.2167859822511673
1376.0,0.19285310804843903
1377.0,0.1971442997455597
1378.0,0.22364236414432526
1379.0,0.22067375481128693
1380.0,0.20380796492099762
1381.0,0.20502734184265137
1382.0,0.20896397531032562
1383.0,0.18108759820461273
1384.0,0.13214868307113647
1385.0,0.10906755179166794
1386.0,0.13049791753292084
1387.0,0.15345153212547302
1388.0,0.13424168527126312
1389.0,0.1142129972577095
1390.0,0.1364065408706665
1391.0,0.15478231012821198
1392.0,0.14884191751480103
1393.0,0.14087490737438202
1394.0,0.1283690482378006
1395.0,0.11555376648902893
1396.0,0.11172705888748169
1397.0,0.10926591604948044
1398.0,0.10128811001777649
1399.0,0.09606948494911194
1400.0,0.1009155660867691
1401.0,0.10650595277547836
1402.0,0.11201521754264832
1403.0,0.11535891145467758
1404.0,0.10276339203119278
1405.0,0.08680883049964905
1406.0,0.07940390706062317
1407.0,0.07540489733219147
1408.0,0.07425267994403839
1409.0,0.07854311913251877
1410.0,0.07938434928655624
1411.0,0.07528061419725418
1412.0,0.07699358463287354
1413.0,0.07852787524461746
1414.0,0.07456483691930771
1415.0,0.07196567207574844
1416.0,0.07282272726297379
1417.0,0.07536708563566208
1418.0,0.07688398659229279
1419.0,0.07364543527364731
1420.0,0.06992586702108383
1421.0,0.07000399380922318
1422.0,0.0707297995686531
1423.0,0.07081395387649536
1424.0,0.0687314048409462
1425.0,0.06462643295526505
1426.0,0.06340185552835464
1427.0,0.064653679728508
1428.0,0.06483382731676102
1429.0,0.06395445019006729
1430.0,0.0628693699836731
1431.0,0.061870794743299484
1432.0,0.06149847432971001
1433.0,0.06145346909761429
1434.0,0.06127522885799408
1435.0,0.06112648546695709
1436.0,0.0607573539018631
1437.0,0.059044864028692245
1438.0,0.05718717351555824
1439.0,0.05782923102378845
1440.0,0.05954999476671219
1441.0,0.06082319840788841
1442.0,0.06101829186081886
1443.0,0.05930357798933983
1444.0,0.05784080550074577
1445.0,0.057645536959171295
1446.0,0.05742212012410164
1447.0,0.05723962187767029
1448.0,0.05733207240700722
1449.0,0.05781102925539017
1450.0,0.058069147169589996
1451.0,0.058017298579216
1452.0,0.0583021342754364
1453.0,0.05782153084874153
1454.0,0.057207074016332626
1455.0,0.05684361979365349
1456.0,0.055923692882061005
1457.0,0.05552051216363907
1458.0,0.05618409439921379
1459.0,0.05677057057619095
1460.0,0.05668802186846733
1461.0,0.056262850761413574
1462.0,0.055932000279426575
1463.0,0.056197959929704666
1464.0,0.05650385841727257
1465.0,0.0566227063536644
1466.0,0.05707179754972458
1467.0,0.056777264922857285
1468.0,0.055189475417137146
1469.0,0.054691340774297714
1470.0,0.05642968416213989
1471.0,0.057943832129240036
1472.0,0.057860493659973145
1473.0,0.05770731717348099
1474.0,0.05866669863462448
1475.0,0.059389710426330566
1476.0,0.059278883039951324
1477.0,0.05909949168562889
1478.0,0.05837368220090866
1479.0,0.058092013001441956
1480.0,0.059243250638246536
1481.0,0.06011228263378143
1482.0,0.05999979376792908
1483.0,0.0599772073328495
1484.0,0.06053491309285164
1485.0,0.06110628321766853
1486.0,0.062138233333826065
1487.0,0.06319931149482727
1488.0,0.06368472427129745
1489.0,0.0640069991350174
1490.0,0.06436921656131744
1491.0,0.06478255987167358
1492.0,0.06513824313879013
1493.0,0.06541869789361954
1494.0,0.0660649836063385
1495.0,0.06679875403642654
1496.0,0.06731424480676651
1497.0,0.06780557334423065
1498.0,0.06792299449443817
1499.0,0.06783032417297363
1500.0,0.06871361285448074
1501.0,0.0699317455291748
1502.0,0.07038247585296631
1503.0,0.07057049870491028
1504.0,0.07105143368244171
1505.0,0.07175050675868988
1506.0,0.07232962548732758
1507.0,0.07283709198236465
1508.0,0.07296793162822723
1509.0,0.0727573037147522
1510.0,0.0731586441397667
1511.0,0.07406765967607498
1512.0,0.07483880966901779
1513.0,0.07532906532287598
1514.0,0.07608640938997269
1515.0,0.07700565457344055
1516.0,0.077239990234375
1517.0,0.07722868025302887
1518.0,0.07768499851226807
1519.0,0.07821979373693466
1520.0,0.07882427424192429
1521.0,0.0796884149312973
1522.0,0.08047579973936081
1523.0,0.08097846060991287
1524.0,0.0813346803188324
1525.0,0.08181014657020569
1526.0,0.08240099996328354
1527.0,0.08289668709039688
1528.0,0.08313927054405212
1529.0,0.08343292772769928
1530.0,0.08405862003564835
1531.0,0.08456669747829437
1532.0,0.08511283248662949
1533.0,0.08599691838026047
1534.0,0.0865762010216713
1535.0,0.08672954142093658
1536.0,0.0869726836681366
1537.0,0.08740601688623428
1538.0,0.0881333127617836
1539.0,0.08906160295009613
1540.0,0.08963659405708313
1541.0,0.09017296880483627
1542.0,0.09069858491420746
1543.0,0.09088548272848129
1544.0,0.09141474962234497
1545.0,0.09241199493408203
1546.0,0.09326386451721191
1547.0,0.09382990002632141
1548.0,0.09429775923490524
1549.0,0.0949280634522438
1550.0,0.0955837219953537
1551.0,0.09587465226650238
1552.0,0.09599611163139343
1553.0,0.09617894142866135
1554.0,0.09668981283903122
1555.0,0.09762128442525864
1556.0,0.09834286570549011
1557.0,0.09845128655433655
1558.0,0.09854550659656525
1559.0,0.09890972077846527
1560.0,0.09941771626472473
1561.0,0.10003034770488739
1562.0,0.1004890501499176
1563.0,0.10049191862344742
1564.0,0.10059121996164322
1565.0,0.10108206421136856
1566.0,0.10157977789640427
1567.0,0.10232017934322357
1568.0,0.10299497842788696
1569.0,0.10353235900402069
1570.0,0.10420726239681244
1571.0,0.10484465211629868
1572.0,0.1053868755698204
1573.0,0.10504966974258423
1574.0,0.10478047281503677
1575.0,0.10586915165185928
1576.0,0.10696575790643692
1577.0,0.10754571855068207
1578.0,0.1081092357635498
1579.0,0.1084723174571991
1580.0,0.10882122814655304
1581.0,0.1094009056687355
1582.0,0.10995396226644516
1583.0,0.11028371006250381
1584.0,0.11065780371427536
1585.0,0.11111079901456833
1586.0,0.11144809424877167
1587.0,0.11125124245882034
1588.0,0.11122486740350723
1589.0,0.11258101463317871
1590.0,0.11385011672973633
1591.0,0.11390160024166107
1592.0,0.11395590752363205
1593.0,0.1145823746919632
1594.0,0.11521528661251068
1595.0,0.1160787045955658
1596.0,0.11694730073213577
1597.0,0.11658290028572083
1598.0,0.11620353907346725
1599.0,0.11682267487049103
1600.0,0.1174471527338028
1601.0,0.11836923658847809
1602.0,0.11936476081609726
1603.0,0.11953945457935333
1604.0,0.11966022104024887
1605.0,0.11996446549892426
1606.0,0.12026157975196838
1607.0,0.12038688361644745
1608.0,0.12052368372678757
1609.0,0.12124288082122803
1610.0,0.1219896599650383
1611.0,0.1227201297879219
1612.0,0.12343006581068039
1613.0,0.12327957153320312
1614.0,0.12309499084949493
1615.0,0.12344072014093399
1616.0,0.12378299236297607
1617.0,0.12370642274618149
1618.0,0.1236790120601654
1619.0,0.12425418198108673
1620.0,0.12479671835899353
1621.0,0.12545499205589294
1622.0,0.126146599650383
1623.0,0.12641505897045135
1624.0,0.12661293148994446
1625.0,0.1268114447593689
1626.0,0.12706764042377472
1627.0,0.12712179124355316
1628.0,0.12717360258102417
1629.0,0.12774960696697235
1630.0,0.12833169102668762
1631.0,0.12892809510231018
1632.0,0.12948375940322876
1633.0,0.1292746216058731
1634.0,0.12909270823001862
1635.0,0.12960928678512573
1636.0,0.13012586534023285
1637.0,0.13027851283550262
1638.0,0.13043802976608276
1639.0,0.13079297542572021
1640.0,0.13116389513015747
1641.0,0.13144613802433014
1642.0,0.13168752193450928
1643.0,0.13166876137256622
1644.0,0.13169893622398376
1645.0,0.13215535879135132
1646.0,0.13249026238918304
1647.0,0.13186687231063843
1648.0,0.1312858760356903
1649.0,0.13089527189731598
1650.0,0.1306140124797821
1651.0,0.13106268644332886
1652.0,0.13143357634544373
1653.0,0.13140930235385895
1654.0,0.13137207925319672
1655.0,0.13123326003551483
1656.0,0.13112804293632507
1657.0,0.1311865597963333
1658.0,0.13126753270626068
1659.0,0.1314614862203598
1660.0,0.13161282241344452
1661.0,0.13157720863819122
1662.0,0.13140662014484406
1663.0,0.13074569404125214
1664.0,0.1301734745502472
1665.0,0.12991493940353394
1666.0,0.12989386916160583
1667.0,0.130610391497612
1668.0,0.13102130591869354
1669.0,0.1305612027645111
1670.0,0.13007275760173798
1671.0,0.12952888011932373
1672.0,0.12930552661418915
1673.0,0.1298399418592453
1674.0,0.130278542637825
1675.0,0.13051579892635345
1676.0,0.13059861958026886
1677.0,0.13033387064933777
1678.0,0.13034434616565704
1679.0,0.1308630406856537
1680.0,0.1309172809123993
1681.0,0.13025976717472076
1682.0,0.12967361509799957
1683.0,0.129111185669899
1684.0,0.12874974310398102
1685.0,0.12873488664627075
1686.0,0.12846802175045013
1687.0,0.1278425008058548
1688.0,0.12746942043304443
1689.0,0.12745000422000885
1690.0,0.12767508625984192
1691.0,0.12803006172180176
1692.0,0.12731531262397766
1693.0,0.12576615810394287
1694.0,0.12501145899295807
1695.0,0.1248227059841156
1696.0,0.1249384805560112
1697.0,0.12526561319828033
1698.0,0.12435107678174973
1699.0,0.12267147749662399
1700.0,0.12191707640886307
1701.0,0.12165184319019318
1702.0,0.12118310481309891
1703.0,0.12063238769769669
1704.0,0.11936920881271362
1705.0,0.11775153130292892
1706.0,0.11792613565921783
1707.0,0.11880497634410858
1708.0,0.11854482442140579
1709.0,0.11788222938776016
1710.0,0.11766427755355835
1711.0,0.11766371130943298
1712.0,0.11688702553510666
1713.0,0.11583530902862549
1714.0,0.1147061437368393
1715.0,0.11358730494976044
1716.0,0.1137847900390625
1717.0,0.11421770602464676
1718.0,0.1137438490986824
1719.0,0.11311624199151993
1720.0,0.11265575140714645
1721.0,0.11227046698331833
1722.0,0.11218401789665222
1723.0,0.11202695220708847
1724.0,0.11165158450603485
1725.0,0.11134311556816101
1726.0,0.11009692400693893
1727.0,0.10873568803071976
1728.0,0.10928622633218765
1729.0,0.10988808423280716
1730.0,0.10967696458101273
1731.0,0.10948245972394943
1732.0,0.10970580577850342
1733.0,0.10994580388069153
1734.0,0.1099378764629364
1735.0,0.1099405288696289
1736.0,0.11053609848022461
1737.0,0.11106844991445541
1738.0,0.1112201064825058
1739.0,0.11143787205219269
1740.0,0.11168496310710907
1741.0,0.11184439808130264
1742.0,0.1116308718919754
1743.0,0.11155445873737335
1744.0,0.11220873147249222
1745.0,0.1125684455037117
1746.0,0.11219818890094757
1747.0,0.11136456578969955
1748.0,0.10985148698091507
1749.0,0.10913065075874329
1750.0,0.10957029461860657
1751.0,0.10959835350513458
1752.0,0.10905323922634125
1753.0,0.10872974991798401
1754.0,0.10859186947345734
1755.0,0.1083642840385437
1756.0,0.10799569636583328
1757.0,0.10726776719093323
1758.0,0.10661357641220093
1759.0,0.10677801817655563
1760.0,0.10704358667135239
1761.0,0.10689319670200348
1762.0,0.10668300837278366
1763.0,0.10621541738510132
1764.0,0.10574781149625778
1765.0,0.10580214112997055
1766.0,0.10579042136669159
1767.0,0.10463762283325195
1768.0,0.1034381091594696
1769.0,0.10471910983324051
1770.0,0.1059998944401741
1771.0,0.10622140765190125
1772.0,0.10663206875324249
1773.0,0.10691550374031067
1774.0,0.10733303427696228
1775.0,0.10777521878480911
1776.0,0.10779505968093872
1777.0,0.10689584910869598
1778.0,0.10645806789398193
1779.0,0.10753387212753296
1780.0,0.10828951746225357
1781.0,0.10788711905479431
1782.0,0.1073286160826683
1783.0,0.10689873993396759
1784.0,0.10701890289783478
1785.0,0.10757219046354294
1786.0,0.10773536562919617
1787.0,0.1078256145119667
1788.0,0.10827714204788208
1789.0,0.10888675600290298
1790.0,0.1085401102900505
1791.0,0.10708154737949371
1792.0,0.10659422725439072
1793.0,0.10712558031082153
1794.0,0.10703649371862411
1795.0,0.10650752484798431
1796.0,0.10641966760158539
1797.0,0.10649207979440689
1798.0,0.10567610710859299
1799.0,0.10451085865497589
1800.0,0.10431870073080063
1801.0,0.11119616031646729
1802.0,0.10984549671411514
1803.0,0.10951238125562668
1804.0,0.10598493367433548
1805.0,0.09633271396160126
1806.0,0.09264541417360306
1807.0,0.0966499075293541
1808.0,0.10207300633192062
1809.0,0.11151789873838425
1810.0,0.1094420999288559
1811.0,0.08175879716873169
1812.0,0.049540288746356964
1813.0,0.05015338212251663
1814.0,0.06342329829931259
1815.0,0.07551813870668411
1816.0,0.09982945770025253
1817.0,0.13006658852100372
1818.0,0.12570178508758545
1819.0,0.10777638107538223
1820.0,0.09852677583694458
1821.0,0.10394002497196198
1822.0,0.1189291700720787
1823.0,0.12383344769477844
1824.0,0.1184580847620964
1825.0,0.15190871059894562
1826.0,0.18904811143875122
1827.0,0.1612250953912735
1828.0,0.12430059909820557
1829.0,0.18206307291984558
1830.0,0.2931523323059082
1831.0,0.3812732696533203
1832.0,0.40909701585769653
1833.0,0.290301650762558
1834.0,0.1982129067182541
1835.0,0.15368129312992096
1836.0,0.10503342002630234
1837.0,0.08264471590518951
1838.0,0.3683378994464874
1839.0,0.7479717135429382
1840.0,0.6775879859924316
1841.0,0.4264259338378906
1842.0,0.3148093819618225
1843.0,0.34800341725349426
1844.0,0.38258475065231323
1845.0,0.3542598485946655
1846.0,0.2105812430381775
1847.0,0.2293887436389923
1848.0,0.3673483729362488
1849.0,0.522958517074585
1850.0,0.5592011213302612
1851.0,0.46017003059387207
1852.0,0.23899632692337036
1853.0,0.08205611258745193
1854.0,0.2068367600440979
1855.0,0.3850765526294708
1856.0,0.908722460269928
1857.0,2.540052652359009
1858.0,1.4426286220550537
1859.0,0.4731381833553314
1860.0,0.2679861783981323
1861.0,0.334485799074173
1862.0,0.36685651540756226
1863.0,0.25114500522613525
1864.0,0.10855787247419357
1865.0,0.08038058876991272
1866.0,0.07383473962545395
1867.0,0.15589205920696259
1868.0,0.37044745683670044
1869.0,0.4515460729598999
1870.0,0.15852007269859314
1871.0,0.016287144273519516
1872.0,0.20035448670387268
1873.0,0.3590218424797058
1874.0,0.29393500089645386
1875.0,0.16310864686965942
1876.0,0.055065594613552094
1877.0,0.016025973483920097
1878.0,0.0069458698853850365
1879.0,0.022919602692127228
1880.0,0.047704730182886124
1881.0,0.10386521369218826
1882.0,0.167403906583786
1883.0,0.14375115931034088
1884.0,0.12165128439664841
1885.0,0.07355653494596481
1886.0,0.022156694903969765
1887.0,0.031444236636161804
1888.0,0.10048216581344604
1889.0,0.13952966034412384
1890.0,0.07584965974092484
1891.0,0.020670602098107338
1892.0,0.03627176210284233
1893.0,0.06744323670864105
1894.0,0.06166677922010422
1895.0,0.03563621640205383
1896.0,0.0370754674077034
1897.0,0.10543209314346313
1898.0,0.20918387174606323
1899.0,0.26214149594306946
1900.0,0.35302555561065674
1901.0,0.4052281379699707
1902.0,0.43880635499954224
1903.0,0.4500805735588074
1904.0,0.5626344084739685
1905.0,0.5419577956199646
1906.0,0.36693376302719116
1907.0,0.30319589376449585
1908.0,0.18790923058986664
1909.0,0.07718811184167862
1910.0,0.026974592357873917
1911.0,0.0
1912.0,0.005883029196411371
1913.0,0.013619836419820786
1914.0,0.03498000651597977
1915.0,0.04073106497526169
1916.0,0.02334117703139782
1917.0,0.01965617574751377
1918.0,0.02389133721590042
1919.0,0.02242964319884777
1920.0,0.020382389426231384
1921.0,0.012940402142703533
1922.0,0.005040681920945644
1923.0,0.015361737459897995
1924.0,0.03940696641802788
1925.0,0.05476048216223717
1926.0,0.04155917838215828
1927.0,0.02972995676100254
1928.0,0.042405709624290466
1929.0,0.04319654032588005
1930.0,0.026723258197307587
1931.0,0.016634486615657806
1932.0,0.024851394817233086
1933.0,0.03217330202460289
1934.0,0.022790465503931046
1935.0,0.010722438804805279
1936.0,0.005997451953589916
1937.0,0.015804314985871315
1938.0,0.024347249418497086
1939.0,0.019228292629122734
1940.0,0.014551901258528233
1941.0,0.015182153321802616
1942.0,0.01736787147819996
1943.0,0.018252015113830566
1944.0,0.017324354499578476
1945.0,0.013438998721539974
1946.0,0.013232585974037647
1947.0,0.016842279583215714
1948.0,0.017724720761179924
1949.0,0.015803979709744453
1950.0,0.014506779611110687
1951.0,0.017441166564822197
1952.0,0.019723469391465187
1953.0,0.016657603904604912
1954.0,0.014701331965625286
1955.0,0.022728344425559044
1956.0,0.03153330460190773
1957.0,0.037041522562503815
1958.0,0.034583840519189835
1959.0,0.02217494696378708
1960.0,0.017996713519096375
1961.0,0.020981093868613243
1962.0,0.024851767346262932
1963.0,0.02701297588646412
1964.0,0.02398953214287758
1965.0,0.013203494250774384
1966.0,0.007500417064875364
1967.0,0.009453094564378262
1968.0,0.010875105857849121
1969.0,0.015558975748717785
1970.0,0.02112414315342903
1971.0,0.022280706092715263
1972.0,0.02161707915365696
1973.0,0.022632822394371033
1974.0,0.02373422309756279
1975.0,0.02291431836783886
1976.0,0.022217990830540657
1977.0,0.022406933829188347
1978.0,0.022891884669661522
1979.0,0.0243668295443058
1980.0,0.025761328637599945
1981.0,0.026512809097766876
1982.0,0.02570273168385029
1983.0,0.02426619455218315
1984.0,0.0241849385201931
1985.0,0.025872278958559036
1986.0,0.02760612778365612
1987.0,0.02769573964178562
1988.0,0.026083461940288544
1989.0,0.02402227558195591
1990.0,0.02367590181529522
1991.0,0.024697203189134598
1992.0,0.02679418958723545
1993.0,0.029452569782733917
1994.0,0.030265921726822853
1995.0,0.02982158027589321
1996.0,0.030220627784729004
1997.0,0.030581949278712273
1998.0,0.027829794213175774
1999.0,0.024658819660544395
2000.0,0.028208225965499878
2001.0,0.03254465386271477
2002.0,0.031918689608573914
2003.0,0.030914422124624252
2004.0,0.026711193844676018
2005.0,0.023156508803367615
2006.0,0.02361840009689331
2007.0,0.03314708545804024
2008.0,0.04692545905709267
2009.0,0.04815487191081047
2010.0,0.03074938803911209
2011.0,0.018032990396022797
2012.0,0.02449924126267433
2013.0,0.035273563116788864
2014.0,0.035215649753808975
2015.0,0.042271263897418976
2016.0,0.050479356199502945
2017.0,0.05009472742676735
2018.0,0.046690091490745544
2019.0,0.04338104650378227
2020.0,0.03974689543247223
2021.0,0.03637201711535454
2022.0,0.034935738891363144
2023.0,0.03489300608634949
2024.0,0.034085385501384735
2025.0,0.03414781764149666
2026.0,0.03500454127788544
2027.0,0.0366697832942009
2028.0,0.03867178037762642
2029.0,0.03925389423966408
2030.0,0.03966821730136871
2031.0,0.04138271510601044
2032.0,0.04281678423285484
2033.0,0.042034171521663666
2034.0,0.04007426276803017
2035.0,0.03853309899568558
2036.0,0.036085426807403564
2037.0,0.03622322157025337
2038.0,0.03820314258337021
2039.0,0.037698566913604736
2040.0,0.03783354535698891
2041.0,0.038511037826538086
2042.0,0.037843283265829086
2043.0,0.03748614713549614
2044.0,0.03789519518613815
2045.0,0.03699720278382301
2046.0,0.03576251119375229
2047.0,0.03697657585144043
2048.0,0.03695046901702881
2049.0,0.037048809230327606
2050.0,0.03987016901373863
2051.0,0.041225969791412354
2052.0,0.04195253923535347
2053.0,0.04526025801897049
2054.0,0.04915247857570648
2055.0,0.05080742761492729
2056.0,0.04888263717293739
2057.0,0.0439293347299099
2058.0,0.03562577813863754
2059.0,0.028192516416311264
2060.0,0.027078328654170036
2061.0,0.031299807131290436
2062.0,0.04233673959970474
2063.0,0.05282700061798096
2064.0,0.05299539491534233
2065.0,0.04764317348599434
2066.0,0.04356176778674126
2067.0,0.04186813905835152
2068.0,0.04259474575519562
2069.0,0.04216283559799194
2070.0,0.03931828960776329
2071.0,0.038912657648324966
2072.0,0.042631831020116806
2073.0,0.04574091359972954
2074.0,0.048301201313734055
2075.0,0.04970138520002365
2076.0,0.04513882100582123
2077.0,0.039478130638599396
2078.0,0.03644945099949837
2079.0,0.03429146483540535
2080.0,0.0337546281516552
2081.0,0.03546174243092537
2082.0,0.038191549479961395
2083.0,0.04015978425741196
2084.0,0.042825452983379364
2085.0,0.04660715162754059
2086.0,0.047474686056375504
2087.0,0.04701792448759079
2088.0,0.049059659242630005
2089.0,0.047530192881822586
2090.0,0.04490222409367561
2091.0,0.04266844317317009
2092.0,0.03942606598138809
2093.0,0.03923006355762482
2094.0,0.04152554273605347
2095.0,0.044026657938957214
2096.0,0.04432365670800209
2097.0,0.0424438938498497
2098.0,0.041768163442611694
2099.0,0.04455319419503212
2100.0,0.04785342514514923
2101.0,0.048206061124801636
2102.0,0.045890092849731445
2103.0,0.04405570030212402
2104.0,0.044461753219366074
2105.0,0.04463707655668259
2106.0,0.04497457668185234
2107.0,0.04730043560266495
2108.0,0.0485336072742939
2109.0,0.048160288482904434
2110.0,0.048406727612018585
2111.0,0.04876290634274483
2112.0,0.048452768474817276
2113.0,0.048464756458997726
2114.0,0.04715248569846153
2115.0,0.04458922892808914
2116.0,0.047179657965898514
2117.0,0.05051741003990173
2118.0,0.047517627477645874
2119.0,0.04479741305112839
2120.0,0.044192835688591
2121.0,0.044932771474123
2122.0,0.04637211188673973
2123.0,0.046149954199790955
2124.0,0.04479801282286644
2125.0,0.0442425012588501
2126.0,0.04446450248360634
2127.0,0.04543139040470123
2128.0,0.047725290060043335
2129.0,0.04968128353357315
2130.0,0.04942185431718826
2131.0,0.04895995184779167
2132.0,0.04837216064333916
2133.0,0.04638541117310524
2134.0,0.04655997455120087
2135.0,0.04886834695935249
2136.0,0.05199383944272995
2137.0,0.05383424833416939
2138.0,0.05171636864542961
2139.0,0.048288218677043915
2140.0,0.048575129359960556
2141.0,0.051209457218647
2142.0,0.05244578793644905
2143.0,0.053074099123477936
2144.0,0.05402366444468498
2145.0,0.05251077562570572
2146.0,0.05096512660384178
2147.0,0.05113398656249046
2148.0,0.051520779728889465
2149.0,0.0510401576757431
2150.0,0.04699301719665527
2151.0,0.0468452051281929
2152.0,0.04902532324194908
2153.0,0.04873180389404297
2154.0,0.05022592097520828
2155.0,0.05362468957901001
2156.0,0.057563867419958115
2157.0,0.060623329132795334
2158.0,0.05916460230946541
2159.0,0.05306569114327431
2160.0,0.048100221902132034
2161.0,0.04674893990159035
2162.0,0.046990737318992615
2163.0,0.048707734793424606
2164.0,0.05232206732034683
2165.0,0.05527028441429138
2166.0,0.0566861592233181
2167.0,0.05520740523934364
2168.0,0.05359773337841034
2169.0,0.05364745482802391
2170.0,0.054601915180683136
2171.0,0.056917592883110046
2172.0,0.057979766279459
2173.0,0.0559210479259491
2174.0,0.05294538661837578
2175.0,0.05106024071574211
2176.0,0.05178123712539673
2177.0,0.05789472907781601
2178.0,0.06549707055091858
2179.0,0.06612517684698105
2180.0,0.06231179088354111
2181.0,0.058980781584978104
2182.0,0.0562053844332695
2183.0,0.057026490569114685
2184.0,0.058208636939525604
2185.0,0.05730588361620903
2186.0,0.05661691725254059
2187.0,0.05480178818106651
2188.0,0.0521671436727047
2189.0,0.050844427198171616
2190.0,0.05166500061750412
2191.0,0.053731441497802734
2192.0,0.055861301720142365
2193.0,0.056745707988739014
2194.0,0.056217655539512634
2195.0,0.05575026571750641
2196.0,0.05643847957253456
2197.0,0.058424919843673706
2198.0,0.06197056919336319
2199.0,0.06493400782346725
2200.0,0.059831492602825165
2201.0,0.05053295940160751
2202.0,0.04841271787881851
2203.0,0.04878620803356171
2204.0,0.04927467554807663
2205.0,0.05318306013941765
2206.0,0.055588461458683014
2207.0,0.05827063322067261
2208.0,0.0631222203373909
2209.0,0.06556959450244904
2210.0,0.06458063423633575
2211.0,0.06362186372280121
2212.0,0.06382867693901062
2213.0,0.06318996846675873
2214.0,0.062182821333408356
2215.0,0.05972876027226448
2216.0,0.05569596588611603
2217.0,0.056316375732421875
2218.0,0.05839535966515541
2219.0,0.05731921270489693
2220.0,0.05798155441880226
2221.0,0.057969823479652405
2222.0,0.05674290657043457
2223.0,0.0577596016228199
2224.0,0.058443792164325714
2225.0,0.05807730183005333
2226.0,0.058379385620355606
2227.0,0.0587528795003891
2228.0,0.05990080535411835
2229.0,0.06027352437376976
2230.0,0.05755147710442543
2231.0,0.05639980733394623
2232.0,0.061466313898563385
2233.0,0.06626936048269272
2234.0,0.06533818691968918
2235.0,0.06269287317991257
2236.0,0.0595833845436573
2237.0,0.05515957251191139
2238.0,0.05246144160628319
2239.0,0.05189089477062225
2240.0,0.05380343645811081
2241.0,0.05815736949443817
2242.0,0.06005728617310524
2243.0,0.05977073684334755
2244.0,0.059240180999040604
2245.0,0.05958103761076927
2246.0,0.05891299992799759
2247.0,0.056154120713472366
2248.0,0.054037906229496
2249.0,0.051485270261764526
2250.0,0.04877234995365143
2251.0,0.04778381437063217
2252.0,0.04647437483072281
2253.0,0.04606515169143677
2254.0,0.04869949072599411
2255.0,0.04977710172533989
2256.0,0.047259096056222916
2257.0,0.0484732948243618
2258.0,0.05028320848941803
2259.0,0.05027012526988983
2260.0,0.05064516142010689
2261.0,0.04703514650464058
2262.0,0.04391886293888092
2263.0,0.044302210211753845
2264.0,0.04698340967297554
2265.0,0.05130595341324806
2266.0,0.04931510239839554
2267.0,0.0451883003115654
2268.0,0.0443219393491745
2269.0,0.039856527000665665
2270.0,0.038108184933662415
2271.0,0.041258133947849274
2272.0,0.041024111211299896
2273.0,0.03992808610200882
2274.0,0.04176246002316475
2275.0,0.042217981070280075
2276.0,0.041226644068956375
2277.0,0.04144702106714249
2278.0,0.04119645804166794
2279.0,0.04250193387269974
2280.0,0.049116820096969604
2281.0,0.05478740856051445
2282.0,0.053037889301776886
2283.0,0.04739370197057724
2284.0,0.037258025258779526
2285.0,0.029537968337535858
2286.0,0.032622694969177246
2287.0,0.039852142333984375
2288.0,0.048482175916433334
2289.0,0.05511995777487755
2290.0,0.054255105555057526
2291.0,0.04450450837612152
2292.0,0.03845011815428734
2293.0,0.03951631858944893
2294.0,0.03931913524866104
2295.0,0.03759530559182167
2296.0,0.035101309418678284
2297.0,0.033828411251306534
2298.0,0.03563666343688965
2299.0,0.036842696368694305
2300.0,0.03712817654013634
2301.0,0.042319223284721375
2302.0,0.04699180647730827
2303.0,0.045263051986694336
2304.0,0.04392057657241821
2305.0,0.03979327902197838
2306.0,0.03125876188278198
2307.0,0.025370944291353226
2308.0,0.022573962807655334
2309.0,0.02806585468351841
2310.0,0.03697041794657707
2311.0,0.03978253901004791
2312.0,0.04056112840771675
2313.0,0.03313310816884041
2314.0,0.019907325506210327
2315.0,0.019161267206072807
2316.0,0.026966040953993797
2317.0,0.029344338923692703
2318.0,0.029035650193691254
2319.0,0.0287927258759737
2320.0,0.027074605226516724
2321.0,0.026085268706083298
2322.0,0.031113984063267708
2323.0,0.033298175781965256
2324.0,0.030397498980164528
2325.0,0.03231782466173172
2326.0,0.03780308738350868
2327.0,0.037979625165462494
2328.0,0.02864663302898407
2329.0,0.019733887165784836
2330.0,0.020084315910935402
2331.0,0.024241473525762558
2332.0,0.026676250621676445
2333.0,0.026675591245293617
2334.0,0.02681105211377144
2335.0,0.028165236115455627
2336.0,0.02652016654610634
2337.0,0.021909644827246666
2338.0,0.02354719489812851
2339.0,0.02975478582084179
2340.0,0.03152121976017952
2341.0,0.03318610414862633
2342.0,0.028187358751893044
2343.0,0.015911368653178215
2344.0,0.015521463938057423
2345.0,0.024675099179148674
2346.0,0.03625359386205673
2347.0,0.04901456460356712
2348.0,0.05057606101036072
2349.0,0.04944050312042236
2350.0,0.047779735177755356
2351.0,0.03603966906666756
2352.0,0.029828660190105438
2353.0,0.023439208045601845
2354.0,0.011395294219255447
2355.0,0.006230688188225031
2356.0,0.00566947041079402
2357.0,0.013706911355257034
2358.0,0.030166806653141975
2359.0,0.035496361553668976
2360.0,0.034416742622852325
2361.0,0.04799925535917282
2362.0,0.059186309576034546
2363.0,0.04738013073801994
2364.0,0.030532410368323326
2365.0,0.022633947432041168
2366.0,0.0243805143982172
2367.0,0.042747508734464645
2368.0,0.06147690862417221
2369.0,0.05466136708855629
2370.0,0.03182647377252579
2371.0,0.018645253032445908
2372.0,0.027521634474396706
2373.0,0.05537215620279312
2374.0,0.07706519961357117
2375.0,0.06996263563632965
2376.0,0.05237441882491112
2377.0,0.03447359427809715
2378.0,0.018011393025517464
2379.0,0.012857142835855484
2380.0,0.01140991784632206
2381.0,0.009782344102859497
2382.0,0.006744243670254946
2383.0,0.012816176749765873
2384.0,0.03662995621562004
2385.0,0.06182670593261719
2386.0,0.061699479818344116
2387.0,0.04521777108311653
2388.0,0.04734455794095993
2389.0,0.05689353868365288
2390.0,0.04423455893993378
2391.0,0.023421039804816246
2392.0,0.01667890138924122
2393.0,0.013163736090064049
2394.0,0.014039453119039536
2395.0,0.02459678426384926
2396.0,0.028451265767216682
2397.0,0.0374407060444355
2398.0,0.05139445140957832
2399.0,0.04453993961215019
2400.0,0.029372695833444595
2401.0,0.016374485567212105
2402.0,0.0042878687381744385
2403.0,0.0
2404.0,0.006786341778934002
2405.0,0.023407310247421265
2406.0,0.03096161223948002
2407.0,0.02860799804329872
2408.0,0.03527390956878662
2409.0,0.03332872688770294
2410.0,0.015114990994334221
2411.0,0.005351899191737175
2412.0,0.01331257726997137
2413.0,0.042283304035663605
2414.0,0.06630321592092514
2415.0,0.06361763179302216
2416.0,0.06361829489469528
2417.0,0.06031056493520737
2418.0,0.0488395132124424
2419.0,0.05042479559779167
2420.0,0.059626687318086624
2421.0,0.05553648993372917
2422.0,0.03232214227318764
2423.0,0.015109245665371418
2424.0,0.0059144627302885056
2425.0,0.004995626397430897
2426.0,0.01997476816177368
2427.0,0.044365294277668
2428.0,0.06229538097977638
2429.0,0.05147872492671013
2430.0,0.02934158779680729
2431.0,0.021027814596891403
2432.0,0.03482627123594284
2433.0,0.045254018157720566
2434.0,0.031982481479644775
2435.0,0.05968260020017624
2436.0,0.10453841835260391
2437.0,0.07368720322847366
2438.0,0.017902160063385963
2439.0,0.004861939232796431
2440.0,0.029746029525995255
2441.0,0.06814268231391907
2442.0,0.11027507483959198
2443.0,0.13446959853172302
2444.0,0.1265038102865219
2445.0,0.11735764145851135
2446.0,0.10140626132488251
2447.0,0.08843909204006195
2448.0,0.09438297152519226
2449.0,0.0980481505393982
2450.0,0.06329059600830078
2451.0,0.04527568444609642
2452.0,0.07044334709644318
2453.0,0.07642767578363419
2454.0,0.07244574278593063
2455.0,0.05429370328783989
2456.0,0.049987711012363434
2457.0,0.06689363718032837
2458.0,0.08111059665679932
2459.0,0.08261276036500931
2460.0,0.07494713366031647
2461.0,0.06899823993444443
2462.0,0.047896042466163635
2463.0,0.026676425710320473
2464.0,0.03195828199386597
2465.0,0.0379912331700325
2466.0,0.038618769496679306
2467.0,0.04306566342711449
2468.0,0.04881180450320244
2469.0,0.04433461278676987
2470.0,0.02130969427525997
2471.0,0.0019119398202747107
2472.0,0.03717877343297005
2473.0,0.07854244858026505
2474.0,0.07853054255247116
2475.0,0.07693322002887726
2476.0,0.04089263454079628
2477.0,0.0033782520331442356
2478.0,0.028520358726382256
2479.0,0.05915241315960884
2480.0,0.10656315833330154
2481.0,0.16017472743988037
2482.0,0.2520379424095154
2483.0,0.34277862310409546
2484.0,0.34399256110191345
2485.0,0.35113850235939026
2486.0,0.32995450496673584
2487.0,0.28559303283691406
2488.0,0.6182279586791992
2489.0,2.4705214500427246
2490.0,0.3377979099750519
2491.0,0.09347853809595108
2492.0,0.08026426285505295
2493.0,0.06474677473306656
2494.0,0.04389629140496254
2495.0,0.0
2496.0,0.09222537279129028
2497.0,0.14767223596572876
2498.0,0.19292688369750977
2499.0,0.22175271809101105
2500.0,0.3411118984222412
