<PAMDataset>
  <Metadata>
    <MDI key="Band_1">Red</MDI>
    <MDI key="Band_2">Green</MDI>
    <MDI key="Band_3">Blue</MDI>
  </Metadata>
  <PAMRasterBand band="1">
    <Description>Red</Description>
    <Metadata>
      <MDI key="STATISTICS_MAXIMUM">255</MDI>
      <MDI key="STATISTICS_MEAN">105.62712920648</MDI>
      <MDI key="STATISTICS_MINIMUM">7</MDI>
      <MDI key="STATISTICS_STDDEV">70.422205421266</MDI>
      <MDI key="STATISTICS_VALID_PERCENT">100</MDI>
    </Metadata>
  </PAMRasterBand>
  <PAMRasterBand band="2">
    <Description>Green</Description>
    <Metadata>
      <MDI key="STATISTICS_MAXIMUM">255</MDI>
      <MDI key="STATISTICS_MEAN">104.11988364845</MDI>
      <MDI key="STATISTICS_MINIMUM">1</MDI>
      <MDI key="STATISTICS_STDDEV">66.935384471873</MDI>
      <MDI key="STATISTICS_VALID_PERCENT">99.98</MDI>
    </Metadata>
  </PAMRasterBand>
  <PAMRasterBand band="3">
    <Description>Blue</Description>
  </PAMRasterBand>
</PAMDataset>
